                  epoch,         train/box_loss,         train/seg_loss,         train/cls_loss,         train/dfl_loss,   metrics/precision(B),      metrics/recall(B),       metrics/mAP50(B),    metrics/mAP50-95(B),   metrics/precision(M),      metrics/recall(M),       metrics/mAP50(M),    metrics/mAP50-95(M),           val/box_loss,           val/seg_loss,           val/cls_loss,           val/dfl_loss,                 lr/pg0,                 lr/pg1,                 lr/pg2
                      1,                 1.6387,                 3.1715,                   2.15,                 1.5177,                 0.8362,                   0.25,                0.20798,                0.13548,                0.83599,                0.24893,                0.21309,                0.11919,                 1.1056,                 2.0635,                 1.6035,                 1.1896,             0.00047413,             0.00047413,             0.00047413
                      2,                  1.605,                 2.8036,                 1.9629,                 1.4929,                0.46077,                0.28564,                0.28649,                0.18626,                0.46619,                0.29206,                0.29461,                0.18321,                 1.1741,                   1.97,                  1.713,                 1.2602,             0.00094576,             0.00094576,             0.00094576
                      3,                 1.6206,                 2.7739,                 1.7498,                 1.5555,                0.50192,                0.31129,                0.23657,                0.13957,                0.55406,                0.23309,                0.24174,                0.13751,                  1.427,                 2.0918,                 1.9914,                 1.4052,              0.0014127,              0.0014127,              0.0014127
                      4,                 1.7072,                 2.8035,                 1.8165,                 1.5449,                0.31441,                0.36335,                0.30163,                0.19813,                0.31606,                0.36762,                0.31227,                0.18427,                 1.1926,                 1.9923,                 1.6092,                 1.2304,              0.0014078,              0.0014078,              0.0014078
                      5,                 1.5795,                 2.6956,                 1.6428,                 1.4866,                0.53429,                0.43376,                0.34535,                0.21746,                0.59216,                0.36966,                0.35351,                0.19675,                 1.2218,                 2.1235,                 1.4641,                 1.2639,              0.0014078,              0.0014078,              0.0014078
                      6,                 1.6684,                 2.8224,                 1.6189,                 1.5305,                0.37923,                0.39782,                0.31589,                0.19414,                0.38315,                0.40317,                0.33732,                0.18719,                 1.1922,                 1.9993,                 1.4029,                 1.2865,              0.0014007,              0.0014007,              0.0014007
                      7,                 1.5708,                 2.7578,                 1.5865,                 1.5117,                0.38204,                0.43328,                0.32652,                0.19406,                0.38237,                0.43366,                0.33279,                0.16283,                 1.2346,                 2.2579,                 1.5026,                 1.3019,              0.0013936,              0.0013936,              0.0013936
                      8,                 1.5883,                 2.7293,                 1.5141,                 1.4739,                 0.8732,                0.22756,                 0.2426,                0.15653,                0.86831,                0.24537,                0.25191,                 0.1409,                 1.1669,                 2.0309,                 1.4292,                   1.26,              0.0013866,              0.0013866,              0.0013866
                      9,                 1.4929,                 2.5907,                 1.4982,                 1.4584,                0.26426,                0.41356,                0.35947,                0.24686,                0.26054,                0.41035,                0.36797,                0.21631,                 1.1155,                 2.0342,                 1.2838,                 1.2329,              0.0013795,              0.0013795,              0.0013795
                     10,                 1.4825,                 2.5445,                  1.426,                 1.4336,                 0.6321,                0.40676,                0.33382,                0.19831,                0.64844,                0.40171,                0.36767,                0.17431,                  1.226,                 2.1644,                 1.4504,                 1.2624,              0.0013724,              0.0013724,              0.0013724
                     11,                 1.5195,                  2.582,                 1.5253,                 1.4726,                0.68406,                0.31826,                0.32229,                 0.2038,                0.61858,                0.36324,                0.34544,                0.18103,                 1.0881,                 1.9522,                 1.2873,                 1.1958,              0.0013653,              0.0013653,              0.0013653
                     12,                 1.4505,                  2.628,                 1.4026,                 1.4102,                0.58473,                0.38559,                0.27572,                0.18489,                0.58771,                0.39316,                0.29282,                0.17059,                 1.0726,                 1.9096,                 1.4769,                 1.2008,              0.0013583,              0.0013583,              0.0013583
                     13,                 1.3989,                 2.4677,                 1.3962,                 1.4149,                0.62276,                0.36091,                0.30395,                0.19361,                 0.6307,                0.37286,                 0.3147,                0.17788,                 1.1298,                 1.9135,                 1.3213,                 1.2408,              0.0013512,              0.0013512,              0.0013512
                     14,                 1.5421,                 2.6338,                 1.4242,                 1.4465,                 0.6702,                0.36966,                0.38477,                0.24293,                0.67438,                  0.375,                0.39889,                0.21603,                 1.1654,                 1.8518,                 1.2524,                 1.2411,              0.0013441,              0.0013441,              0.0013441
                     15,                 1.4301,                 2.5316,                 1.3598,                  1.402,                0.29583,                0.53367,                0.37731,                0.23159,                0.29977,                0.54008,                0.36718,                 0.1941,                 1.1021,                  1.837,                 1.2761,                 1.2174,               0.001337,               0.001337,               0.001337
                     16,                 1.4407,                 2.5086,                 1.3808,                  1.404,                0.64629,                0.39637,                0.39966,                0.24759,                0.65829,                0.40064,                0.41546,                 0.2242,                 1.1465,                 1.7933,                 1.1881,                 1.2238,                0.00133,                0.00133,                0.00133
                     17,                 1.3689,                 2.5102,                 1.3025,                  1.396,                0.72472,                0.38568,                0.42797,                0.27616,                0.71596,                0.39166,                0.45097,                0.24675,                 1.0482,                 1.8394,                 1.1744,                 1.1963,              0.0013229,              0.0013229,              0.0013229
                     18,                 1.3492,                 2.4966,                 1.2368,                 1.3518,                0.67069,                0.38879,                 0.4091,                0.27871,                0.67717,                 0.3953,                0.42106,                0.24285,                 1.0612,                 1.8202,                 1.1626,                 1.1918,              0.0013158,              0.0013158,              0.0013158
                     19,                 1.4107,                 2.4718,                 1.2555,                 1.3961,                0.58825,                 0.4922,                0.43509,                0.28419,                0.59239,                0.49861,                0.44858,                0.25882,                 1.1179,                 1.8838,                 1.1953,                 1.2117,              0.0013087,              0.0013087,              0.0013087
                     20,                 1.3047,                 2.3659,                  1.225,                 1.3272,                0.26753,                0.58685,                0.27347,                0.19458,                0.46836,                0.40233,                0.27669,                0.16063,                 1.0075,                 2.6497,                 3.1388,                 1.1784,              0.0013017,              0.0013017,              0.0013017
                     21,                 1.3188,                 2.4322,                 1.1983,                 1.3089,                0.50448,                0.47525,                0.46468,                0.29849,                0.50145,                0.49095,                0.47344,                0.26106,                 1.0293,                 1.8023,                 1.0837,                 1.1794,              0.0012946,              0.0012946,              0.0012946
                     22,                 1.3813,                  2.459,                 1.2926,                 1.3642,                0.43009,                0.51693,                0.42733,                0.27302,                0.43757,                0.51862,                0.43768,                0.23619,                  1.027,                 1.8412,                 1.1635,                 1.1801,              0.0012875,              0.0012875,              0.0012875
                     23,                 1.3339,                 2.4636,                 1.2297,                 1.3391,                0.42775,                 0.5102,                0.38465,                 0.2485,                0.42842,                0.51127,                0.40517,                0.22176,                 1.0706,                 1.9128,                 1.1695,                 1.1624,              0.0012805,              0.0012805,              0.0012805
                     24,                 1.3309,                  2.478,                 1.2361,                 1.3322,                0.45339,                0.46766,                0.39593,                0.27527,                0.45842,                0.47086,                0.40755,                0.24708,                 1.0067,                 1.9091,                 1.2181,                  1.161,              0.0012734,              0.0012734,              0.0012734
                     25,                 1.2965,                 2.4176,                 1.1727,                 1.3302,                0.37073,                0.42242,                0.32669,                0.21957,                0.38912,                0.45768,                0.34744,                0.19564,                 1.0916,                 1.8556,                 1.2007,                 1.2061,              0.0012663,              0.0012663,              0.0012663
                     26,                 1.2726,                  2.323,                 1.1666,                 1.3038,                0.39833,                0.52642,                0.38337,                 0.2805,                0.41961,                0.55274,                0.43001,                0.24778,                0.99512,                 1.7639,                 1.0602,                 1.1627,              0.0012592,              0.0012592,              0.0012592
                     27,                 1.3106,                 2.4411,                 1.1828,                 1.3128,                0.81726,                0.33226,                0.40241,                  0.262,                 0.8187,                0.33547,                0.40593,                0.23219,                 1.0848,                   1.87,                 1.1613,                 1.2027,              0.0012522,              0.0012522,              0.0012522
                     28,                 1.3025,                 2.4059,                 1.1786,                 1.3134,                 0.4215,                0.40097,                 0.4238,                0.27263,                0.42808,                0.41149,                0.44366,                0.24033,                 1.0374,                 1.7793,                 1.1015,                 1.1828,              0.0012451,              0.0012451,              0.0012451
                     29,                 1.2715,                 2.3936,                  1.118,                 1.3035,                0.38369,                0.48059,                0.43915,                0.28683,                0.38741,                  0.513,                0.46105,                0.25677,                 1.0112,                 1.8165,                 1.1288,                 1.1833,               0.001238,               0.001238,               0.001238
                     30,                 1.2776,                 2.3459,                  1.179,                 1.3307,                0.63146,                0.42475,                0.51143,                0.33839,                0.63327,                0.41958,                0.51962,                0.29886,                0.96537,                 1.7483,                 1.0493,                 1.1302,              0.0012309,              0.0012309,              0.0012309
                     31,                 1.3039,                 2.3784,                 1.1747,                 1.3064,                 0.3642,                0.57508,                0.44447,                0.30539,                0.36727,                0.57935,                0.45465,                0.25539,                0.99009,                 1.7379,                 1.0322,                 1.1407,              0.0012239,              0.0012239,              0.0012239
                     32,                 1.2603,                  2.338,                 1.1355,                 1.2927,                0.44112,                0.63442,                0.57504,                 0.4013,                0.44792,                0.64297,                0.58801,                0.35819,                 0.9591,                 1.7588,                 1.0341,                 1.1184,              0.0012168,              0.0012168,              0.0012168
                     33,                 1.2644,                 2.2901,                 1.0947,                 1.2914,                0.63072,                0.56771,                0.58238,                0.41189,                0.63585,                0.57305,                0.60243,                0.36762,                0.95935,                 1.6961,                0.95833,                 1.1263,              0.0012097,              0.0012097,              0.0012097
                     34,                 1.2078,                 2.2587,                  1.078,                 1.2764,                0.40019,                0.48872,                0.37349,                0.27338,                0.41209,                0.50047,                0.38347,                0.24112,                 0.9385,                 1.7709,                 1.0814,                 1.1249,              0.0012026,              0.0012026,              0.0012026
                     35,                 1.2372,                  2.336,                 1.1067,                 1.2834,                0.40766,                0.48883,                0.46763,                0.30401,                 0.4101,                0.49204,                0.47065,                 0.2597,                0.99428,                 1.9917,                 1.0183,                 1.1684,              0.0011956,              0.0011956,              0.0011956
                     36,                 1.2331,                 2.3675,                 1.1101,                 1.2989,                0.39477,                0.47708,                0.32891,                0.20731,                0.39861,                0.48242,                0.33089,                   0.17,                0.99569,                 1.9516,                 1.4833,                 1.1661,              0.0011885,              0.0011885,              0.0011885
                     37,                 1.1996,                 2.3209,                 1.0702,                 1.2674,                0.61591,                 0.5284,                0.51978,                0.34862,                0.62277,                0.53545,                 0.5327,                0.30543,                0.97006,                 1.8649,                 1.0179,                 1.1553,              0.0011814,              0.0011814,              0.0011814
                     38,                 1.3176,                 2.4209,                 1.1319,                 1.3241,                0.71297,                0.44673,                0.55553,                0.34938,                 0.7065,                0.47226,                0.57557,                0.29824,                 1.0309,                 1.8621,                 1.1155,                 1.1991,              0.0011744,              0.0011744,              0.0011744
                     39,                 1.2293,                 2.3381,                 1.0972,                 1.2786,                0.40983,                0.48028,                0.36611,                0.24911,                0.57493,                0.43629,                0.37264,                0.20356,                0.93627,                 2.0388,                 3.0525,                 1.1158,              0.0011673,              0.0011673,              0.0011673
                     40,                 1.2442,                 2.2879,                 1.0545,                 1.2848,                0.51265,                0.41935,                 0.3674,                0.24937,                0.30852,                0.62236,                0.37773,                0.22349,                0.96607,                 10.615,                 2.5155,                 1.1655,              0.0011602,              0.0011602,              0.0011602
                     41,                 1.1778,                 2.2375,                 1.0316,                 1.2386,                0.53911,                0.51522,                0.52799,                0.36092,                0.44257,                0.63432,                 0.5382,                0.31895,                   0.98,                 1.6953,                 1.0196,                 1.1506,              0.0011531,              0.0011531,              0.0011531
                     42,                 1.1736,                 2.2117,                 1.0241,                 1.2558,                0.51847,                 0.5001,                0.50861,                0.36842,                0.52657,                0.50971,                0.52899,                0.33004,                0.96086,                 1.9236,                0.99293,                 1.1397,              0.0011461,              0.0011461,              0.0011461
                     43,                 1.2056,                 2.2396,                 1.0593,                 1.2532,                0.61683,                0.49544,                 0.5139,                0.36112,                0.61968,                0.49971,                0.52667,                 0.3087,                 1.0169,                 1.7416,                  1.027,                  1.151,               0.001139,               0.001139,               0.001139
                     44,                 1.1314,                 2.2131,                 1.0184,                 1.2297,                0.68894,                0.50343,                0.57784,                0.41269,                0.68443,                0.51518,                0.58711,                0.35268,                0.91599,                 1.6855,                0.98238,                 1.1101,              0.0011319,              0.0011319,              0.0011319
                     45,                 1.1309,                 2.1922,                0.98412,                  1.238,                0.49533,                0.52909,                0.47977,                0.33879,                0.49938,                0.49641,                0.48805,                0.28791,                0.94586,                 1.7489,                 1.0245,                  1.124,              0.0011248,              0.0011248,              0.0011248
                     46,                 1.1917,                 2.2532,                 1.0184,                 1.2562,                0.51774,                0.51735,                0.56052,                0.38062,                0.52515,                0.52309,                 0.5703,                0.32944,                 1.0011,                 1.7542,                 1.0344,                 1.1742,              0.0011178,              0.0011178,              0.0011178
                     47,                 1.1803,                 2.2382,                0.98565,                 1.2554,                0.50424,                0.56456,                0.54738,                0.36121,                0.54081,                0.58174,                  0.555,                0.31996,                0.94773,                 1.7058,                0.99969,                  1.144,              0.0011107,              0.0011107,              0.0011107
                     48,                 1.1453,                 2.1908,                0.98466,                 1.2154,                 0.5478,                0.54406,                0.52801,                0.36347,                0.58722,                0.57096,                0.55007,                0.31264,                0.97527,                 1.8467,                0.97126,                 1.1281,              0.0011036,              0.0011036,              0.0011036
                     49,                 1.1777,                 2.2458,                0.98375,                 1.2409,                0.52725,                0.46948,                0.42109,                 0.2854,                  0.528,                0.47055,                0.42072,                 0.2613,                 0.9839,                 1.8848,                  1.352,                 1.1525,              0.0010965,              0.0010965,              0.0010965
                     50,                 1.1562,                 2.1572,                0.99271,                  1.228,                0.59741,                0.53633,                0.50267,                0.35951,                0.60638,                0.54437,                0.52397,                0.32312,                0.97926,                 1.7574,                 1.0167,                 1.1475,              0.0010895,              0.0010895,              0.0010895
                     51,                  1.119,                 2.1657,                0.95089,                 1.2111,                0.53831,                0.59836,                  0.536,                0.37302,                0.59753,                 0.6116,                0.56969,                0.33414,                0.97827,                 1.6984,                0.97005,                 1.1525,              0.0010824,              0.0010824,              0.0010824
                     52,                 1.1386,                 2.1322,                0.95681,                   1.23,                 0.4781,                0.55909,                0.40262,                0.26731,                0.52437,                0.55315,                0.41457,                0.24161,                 1.0351,                 2.2721,                 2.4724,                 1.2559,              0.0010753,              0.0010753,              0.0010753
                     53,                 1.1199,                 2.1782,                0.95589,                 1.2342,                0.65377,                0.55051,                0.59286,                0.40355,                 0.6898,                  0.571,                0.61911,                0.34891,                0.95257,                 1.7549,                0.92039,                 1.1391,              0.0010682,              0.0010682,              0.0010682
                     54,                 1.1335,                 2.2069,                0.97042,                  1.225,                 0.4678,                0.53662,                0.46487,                0.32377,                0.48726,                0.56886,                0.48913,                0.27125,                0.90831,                 1.7126,                 1.0132,                 1.0958,              0.0010612,              0.0010612,              0.0010612
                     55,                 1.1266,                 2.1678,                0.96423,                   1.23,                0.51991,                0.53623,                0.58776,                0.41954,                0.52438,                 0.5405,                0.59026,                0.35689,                0.91889,                 1.6984,                0.99455,                 1.1231,              0.0010541,              0.0010541,              0.0010541
                     56,                 1.1129,                 2.1538,                0.97053,                 1.2189,                0.66924,                0.44641,                0.44721,                0.30987,                 0.6704,                0.44854,                0.45408,                0.26038,                 0.9024,                 1.8839,                  1.853,                 1.1152,               0.001047,               0.001047,               0.001047
                     57,                 1.1212,                 2.1553,                0.95025,                 1.2374,                0.61532,                0.53436,                0.59364,                0.42426,                0.62491,                0.54398,                0.60338,                0.34708,                0.94511,                 1.7123,                0.98293,                 1.1376,                0.00104,                0.00104,                0.00104
                     58,                 1.0894,                 2.1212,                0.93695,                 1.1928,                 0.5208,                0.52632,                0.42557,                0.27732,                0.52477,                0.53166,                0.43015,                0.23272,                 0.9923,                 1.9321,                 4.2055,                 1.2019,              0.0010329,              0.0010329,              0.0010329
                     59,                 1.1143,                 2.1538,                0.94083,                 1.2142,                0.53855,                0.58323,                0.55161,                0.38702,                0.54126,                0.58644,                0.56014,                 0.3163,                0.91768,                 1.7397,                0.97763,                 1.1202,              0.0010258,              0.0010258,              0.0010258
                     60,                 1.0777,                 2.1175,                0.92749,                 1.1987,                0.58083,                0.59217,                0.59031,                0.40983,                0.58228,                0.59324,                0.59488,                0.35196,                0.92284,                 1.6902,                0.99361,                 1.1237,              0.0010187,              0.0010187,              0.0010187
                     61,                 1.0915,                  2.138,                0.93462,                 1.1924,                0.59278,                0.50755,                0.55265,                0.36861,                0.60066,                0.51369,                0.57872,                0.32687,                0.92937,                 1.7041,                0.99512,                 1.1332,              0.0010117,              0.0010117,              0.0010117
                     62,                 1.1381,                 2.1545,                0.91185,                 1.2098,                0.73604,                0.57914,                0.57333,                0.40035,                0.74341,                0.58518,                0.59176,                 0.3463,                0.89672,                 1.6981,                 0.9453,                 1.0948,              0.0010046,              0.0010046,              0.0010046
                     63,                 1.0646,                 2.1196,                0.92485,                 1.1847,                0.65345,                0.61432,                0.59676,                0.40853,                0.66523,                  0.625,                0.61533,                0.35652,                0.92743,                 1.7103,                0.95542,                 1.1321,             0.00099751,             0.00099751,             0.00099751
                     64,                 1.0993,                 2.1804,                 0.9211,                 1.1931,                0.69943,                0.54227,                0.56613,                0.38675,                 0.7028,                0.54671,                0.57381,                0.31998,                0.96057,                 1.7272,                0.97287,                 1.1522,             0.00099044,             0.00099044,             0.00099044
                     65,                 1.0905,                 2.1252,                0.90019,                 1.1942,                 0.6454,                0.55993,                0.59552,                0.42878,                0.65197,                0.55619,                0.60897,                0.37423,                0.90866,                 1.6878,                0.95256,                 1.1201,             0.00098337,             0.00098337,             0.00098337
                     66,                  1.085,                 2.1322,                0.88119,                 1.1781,                0.62256,                0.52691,                0.56628,                 0.4137,                0.62816,                0.53332,                0.57528,                0.35381,                0.92882,                 1.6888,                0.97231,                 1.1453,             0.00097629,             0.00097629,             0.00097629
                     67,                 1.0854,                 2.1295,                0.88869,                 1.2051,                0.53671,                0.62471,                0.57566,                0.44924,                0.54114,                0.62932,                0.59001,                0.38421,                0.89144,                 1.7352,                0.94563,                 1.1187,             0.00096922,             0.00096922,             0.00096922
                     68,                 1.0533,                 2.0875,                0.88359,                 1.1677,                0.58384,                 0.4933,                0.49234,                0.36859,                0.56834,                0.49864,                0.51239,                0.31113,                0.92988,                 1.8519,                 1.0514,                 1.1291,             0.00096215,             0.00096215,             0.00096215
                     69,                 1.0105,                 2.0528,                0.84615,                 1.1741,                0.55842,                0.58533,                0.57858,                0.40441,                0.58722,                0.60475,                  0.607,                0.35536,                0.86915,                 1.6589,                0.88808,                 1.1043,             0.00095507,             0.00095507,             0.00095507
                     70,                 1.0898,                 2.1366,                0.89454,                 1.2267,                0.59656,                0.53822,                0.57242,                 0.4004,                0.67769,                0.51172,                0.59098,                0.35498,                 0.9193,                 1.7271,                0.94723,                 1.1352,               0.000948,               0.000948,               0.000948
                     71,                 1.0672,                 2.0623,                0.90047,                 1.1721,                0.58659,                0.62053,                 0.6022,                0.42999,                0.61292,                0.65725,                0.62656,                0.37735,                0.90516,                 1.6784,                0.92944,                 1.1207,             0.00094093,             0.00094093,             0.00094093
                     72,                 1.0566,                 2.0933,                0.88436,                 1.1653,                 0.6643,                0.58172,                0.64006,                0.44857,                0.67273,                0.58852,                0.66796,                0.40113,                0.89179,                 1.6905,                0.91074,                 1.1301,             0.00093385,             0.00093385,             0.00093385
                     73,                 1.0459,                 2.0793,                0.87311,                 1.1695,                0.50466,                0.63184,                0.63193,                0.44112,                0.49248,                 0.6825,                0.65231,                 0.3817,                0.91107,                 1.6772,                0.91146,                 1.1245,             0.00092678,             0.00092678,             0.00092678
                     74,                 1.0171,                 2.0371,                0.82775,                   1.14,                0.63249,                0.59239,                0.62668,                0.45649,                 0.6328,                0.63549,                0.65087,                0.39412,                0.90199,                 1.6626,                0.92321,                 1.1298,              0.0009197,              0.0009197,              0.0009197
                     75,                 1.0437,                 2.0626,                0.84989,                 1.1572,                0.76483,                0.61428,                0.67267,                0.48958,                0.77969,                0.61504,                0.69592,                0.42569,                0.90246,                 1.9095,                0.90067,                 1.1406,             0.00091263,             0.00091263,             0.00091263
                     76,                 1.0503,                 2.1104,                0.86059,                 1.1808,                0.60922,                0.60758,                0.64517,                0.46047,                0.62203,                0.59725,                0.66725,                0.39799,                0.93246,                 1.6325,                0.87492,                 1.1487,             0.00090556,             0.00090556,             0.00090556
                     77,                 1.0745,                 2.0851,                0.85839,                 1.1598,                0.71299,                0.52933,                0.61011,                0.44274,                0.72122,                0.53574,                0.62404,                0.37657,                0.91518,                 1.6712,                0.87603,                 1.1419,             0.00089848,             0.00089848,             0.00089848
                     78,                 1.0001,                 2.0033,                0.81686,                 1.1511,                0.57253,                0.60287,                0.62647,                0.44392,                0.60534,                0.62492,                0.64464,                0.38915,                 0.9124,                 1.6635,                0.88351,                 1.1195,             0.00089141,             0.00089141,             0.00089141
                     79,                   1.02,                  2.018,                 0.8493,                 1.1446,                0.63147,                0.52613,                0.59784,                0.42387,                0.53067,                0.60431,                0.60892,                0.35475,                0.93546,                 1.6828,                0.94345,                 1.1324,             0.00088434,             0.00088434,             0.00088434
                     80,                 1.0367,                 2.0406,                0.83548,                  1.168,                0.62473,                0.67788,                0.66561,                0.46818,                0.58709,                0.65039,                0.66004,                0.40575,                0.90306,                 1.6767,                0.89098,                 1.1119,             0.00087726,             0.00087726,             0.00087726
                     81,                 1.0404,                 2.0441,                0.86491,                 1.1602,                0.61233,                0.63403,                0.63849,                0.42257,                0.60018,                0.61694,                0.63559,                0.37011,                0.92482,                 1.9072,                0.95911,                 1.1261,             0.00087019,             0.00087019,             0.00087019
                     82,                 1.0043,                 1.9466,                0.82441,                 1.1663,                0.64972,                0.58621,                0.57816,                0.39671,                0.63464,                0.61479,                  0.575,                0.35877,                0.89618,                  1.702,                0.92034,                 1.1179,             0.00086312,             0.00086312,             0.00086312
                     83,                 1.0473,                 2.0587,                0.87992,                 1.1719,                0.55777,                0.66028,                0.61421,                0.41552,                0.56223,                0.66562,                0.62237,                0.38485,                0.91828,                 1.6609,                0.90911,                   1.13,             0.00085604,             0.00085604,             0.00085604
                     84,                 1.0787,                 2.0762,                0.87013,                 1.1908,                 0.5492,                0.61207,                0.59048,                0.39625,                0.62431,                0.53916,                0.58886,                0.35285,                0.97444,                 1.7165,                0.96256,                 1.1583,             0.00084897,             0.00084897,             0.00084897
                     85,                 1.0046,                 2.0285,                 0.8274,                 1.1575,                 0.6447,                0.58216,                0.60636,                0.42674,                0.63276,                0.56507,                0.58101,                 0.3615,                0.89764,                 1.6787,                0.92692,                 1.1305,              0.0008419,              0.0008419,              0.0008419
                     86,                 1.0283,                 2.0083,                0.82304,                 1.1624,                  0.745,                0.57401,                0.66022,                0.46098,                0.72399,                0.55692,                0.64914,                0.41451,                0.93407,                 1.7073,                0.89574,                 1.1266,             0.00083482,             0.00083482,             0.00083482
                     87,                 1.0337,                 2.0156,                0.83037,                 1.1718,                 0.6163,                0.63547,                 0.6676,                0.47905,                0.62986,                0.64355,                 0.6791,                0.41675,                0.89878,                 1.6845,                0.89913,                 1.1057,             0.00082775,             0.00082775,             0.00082775
                     88,                 1.0181,                 2.0438,                0.82772,                 1.1719,                 0.6211,                0.66817,                0.63343,                0.46457,                0.62909,                0.67594,                0.64414,                0.40278,                0.91018,                 1.6586,                 0.9147,                 1.1375,             0.00082067,             0.00082067,             0.00082067
                     89,                0.98788,                 1.9616,                0.78808,                 1.1408,                0.61457,                0.50946,                0.58003,                0.41695,                0.62592,                0.51719,                 0.5846,                0.36351,                0.89149,                 1.6784,                0.90929,                 1.1382,              0.0008136,              0.0008136,              0.0008136
                     90,                 1.0296,                 2.0076,                0.81472,                 1.1475,                0.67322,                 0.4954,                0.56715,                 0.3975,                0.68488,                0.50483,                0.57667,                0.36246,                 0.9028,                 1.6899,                0.92424,                 1.1191,             0.00080653,             0.00080653,             0.00080653
                     91,                  1.024,                 2.0568,                0.83274,                 1.1589,                0.59583,                0.63752,                0.65893,                0.46617,                0.60438,                0.64606,                0.66702,                0.41204,                0.87098,                 1.6583,                0.87538,                 1.0991,             0.00079945,             0.00079945,             0.00079945
                     92,                0.97298,                 1.9538,                0.80731,                 1.1376,                0.55327,                0.59308,                 0.6194,                 0.4434,                0.56041,                0.60013,                0.60101,                0.40116,                0.89142,                 1.6431,                 0.8499,                 1.1175,             0.00079238,             0.00079238,             0.00079238
                     93,                 1.0038,                 1.9969,                0.80556,                 1.1279,                0.67946,                0.51739,                0.59242,                0.42057,                0.68862,                0.52593,                0.59447,                0.37101,                 0.8832,                  1.661,                0.89351,                 1.1097,             0.00078531,             0.00078531,             0.00078531
                     94,                 0.9905,                 1.9591,                0.79486,                 1.1425,                0.57557,                0.55517,                0.58473,                0.41693,                0.57712,                0.56051,                0.58066,                0.37113,                 0.8951,                 1.7211,                0.90334,                 1.1144,             0.00077823,             0.00077823,             0.00077823
                     95,                0.99043,                 2.0248,                0.79977,                 1.1462,                0.44872,                0.52652,                0.40332,                0.28376,                0.42523,                0.49518,                0.38708,                 0.2456,                0.92387,                 1.7534,                 1.5201,                  1.145,             0.00077116,             0.00077116,             0.00077116
                     96,                0.93919,                 1.9297,                 0.7837,                 1.1077,                0.53315,                0.59936,                0.52029,                0.36985,                0.51492,                0.58013,                0.50455,                0.32699,                0.94489,                 1.7469,                0.95356,                 1.1521,             0.00076409,             0.00076409,             0.00076409
                     97,                0.96677,                 1.9258,                0.80282,                 1.1367,                0.51959,                0.59464,                0.54879,                0.42263,                0.54978,                0.52934,                0.54469,                0.36528,                0.88325,                 1.7452,                0.87736,                  1.123,             0.00075701,             0.00075701,             0.00075701
                     98,                0.96453,                 1.9452,                0.78391,                 1.1296,                 0.5323,                0.64423,                0.55809,                0.41828,                0.54028,                0.65278,                 0.5676,                0.36026,                0.88721,                 1.6874,                0.85451,                  1.118,             0.00074994,             0.00074994,             0.00074994
                     99,                0.96442,                 1.9376,                0.75245,                 1.1148,                0.59171,                0.57207,                0.60025,                 0.4653,                 0.6026,                0.58001,                0.60299,                0.40159,                0.87964,                 1.6977,                0.86407,                 1.1074,             0.00074287,             0.00074287,             0.00074287
                    100,                0.92572,                 1.8691,                0.74319,                 1.1221,                 0.5034,                0.65057,                0.56328,                0.43188,                0.51046,                 0.6487,                0.57399,                 0.3623,                0.92449,                 1.6773,                0.88277,                 1.1417,             0.00073579,             0.00073579,             0.00073579
                    101,                0.93874,                 1.9031,                0.76221,                 1.0999,                0.59305,                0.62654,                0.59514,                 0.4587,                0.60399,                0.63702,                0.61377,                0.37522,                0.88145,                 1.6801,                0.89598,                 1.1167,             0.00072872,             0.00072872,             0.00072872
                    102,                0.96402,                 1.9722,                 0.7639,                 1.0955,                0.62675,                0.59363,                 0.6123,                 0.4503,                0.63773,                0.53048,                0.59079,                 0.3847,                0.86248,                 1.7031,                0.87743,                 1.1196,             0.00072164,             0.00072164,             0.00072164
                    103,                 0.9789,                 1.9867,                0.79284,                 1.1231,                0.76723,                0.53742,                0.64799,                0.48597,                0.77746,                0.54733,                0.65601,                0.42329,                0.87049,                 1.6508,                0.86176,                 1.1391,             0.00071457,             0.00071457,             0.00071457
                    104,                0.98681,                 1.9448,                0.79199,                 1.1382,                0.65589,                0.57585,                0.62275,                0.46815,                0.66139,                0.58226,                0.63491,                0.42583,                0.86925,                 1.6916,                0.88024,                  1.122,              0.0007075,              0.0007075,              0.0007075
                    105,                0.93118,                 1.8739,                0.75781,                  1.113,                0.63827,                0.61449,                0.61162,                0.43278,                0.64512,                0.61524,                0.62354,                0.40219,                0.87725,                 1.6707,                0.87931,                 1.1068,             0.00070042,             0.00070042,             0.00070042
                    106,                0.91955,                  1.945,                0.73193,                 1.0958,                0.68729,                0.60754,                0.62695,                0.46646,                0.69534,                0.61567,                0.63143,                0.39358,                0.86505,                 1.7119,                0.87329,                 1.0859,             0.00069335,             0.00069335,             0.00069335
                    107,                 0.9124,                 1.8572,                 0.7431,                 1.0959,                0.61745,                0.67027,                0.63817,                0.45061,                0.63611,                0.65947,                0.64208,                0.39979,                0.86251,                 1.6722,                0.84592,                 1.1091,             0.00068628,             0.00068628,             0.00068628
                    108,                0.96824,                 1.8683,                0.73147,                 1.1406,                0.51519,                0.66829,                0.51985,                0.35155,                 0.5197,                0.67684,                0.52515,                0.30548,                0.89491,                 1.7631,                 1.0395,                 1.1203,              0.0006792,              0.0006792,              0.0006792
                    109,                0.92253,                 1.8593,                0.74411,                 1.0929,                0.72632,                0.64853,                 0.6508,                0.46582,                 0.7314,                0.65433,                0.65188,                0.40433,                0.85215,                 1.6479,                0.83468,                 1.0941,             0.00067213,             0.00067213,             0.00067213
                    110,                0.94003,                 1.8875,                 0.7231,                 1.0982,                0.59594,                0.62078,                0.62676,                0.45572,                0.60104,                 0.6276,                0.63469,                0.39571,                0.87192,                 1.7108,                0.85441,                 1.1114,             0.00066506,             0.00066506,             0.00066506
                    111,                0.90109,                 1.8962,                0.72427,                  1.108,                0.75501,                0.54448,                0.65072,                0.46921,                0.66995,                0.59683,                0.66285,                0.41365,                0.87339,                 1.6602,                0.83327,                 1.1238,             0.00065798,             0.00065798,             0.00065798
                    112,                0.93596,                 1.8885,                0.73093,                 1.1192,                0.59754,                0.61199,                0.57119,                0.42153,                 0.6074,                0.62053,                0.57617,                0.34469,                    nan,                    nan,                    nan,                    nan,             0.00065091,             0.00065091,             0.00065091
                    113,                0.91484,                 1.8587,                0.72903,                 1.1033,                0.61673,                0.61716,                0.62121,                0.46172,                0.61678,                0.66324,                0.62475,                0.38111,                0.86335,                 1.6691,                0.81489,                   1.11,             0.00064384,             0.00064384,             0.00064384
                    114,                0.90421,                 1.8563,                0.70532,                 1.0893,                0.55122,                 0.6756,                0.59891,                0.44287,                0.54482,                  0.669,                0.58078,                0.37645,                0.84474,                 1.6398,                0.85619,                 1.0934,             0.00063676,             0.00063676,             0.00063676
                    115,                0.91589,                 1.8815,                0.71134,                 1.0883,                0.52432,                0.65529,                 0.5663,                0.42982,                0.52954,                0.66091,                0.57328,                0.36311,                0.85432,                 1.6774,                0.85901,                 1.1024,             0.00062969,             0.00062969,             0.00062969
                    116,                0.90466,                 1.7955,                0.69469,                  1.082,                0.57856,                0.53908,                0.51111,                0.37813,                0.58363,                0.54442,                0.51722,                 0.3265,                 0.8713,                 1.7646,                0.99088,                 1.1151,             0.00062262,             0.00062262,             0.00062262
                    117,                0.87865,                 1.7887,                0.66748,                 1.0772,                0.54948,                 0.6726,                0.56793,                0.42203,                0.55764,                0.67648,                0.59157,                0.36627,                0.83278,                  1.608,                0.85809,                 1.0829,             0.00061554,             0.00061554,             0.00061554
                    118,                0.90005,                 1.8269,                0.70071,                 1.0783,                 0.6889,                0.58829,                0.60519,                0.42675,                0.65815,                0.56585,                0.60166,                0.37876,                0.87798,                 1.8007,                0.85216,                  1.108,             0.00060847,             0.00060847,             0.00060847
                    119,                0.91904,                 1.8116,                 0.6997,                 1.0893,                0.73178,                0.53555,                 0.5949,                0.42325,                0.70607,                0.52059,                0.59487,                0.37668,                0.87254,                 1.6639,                0.89444,                 1.1134,             0.00060139,             0.00060139,             0.00060139
                    120,                0.91569,                 1.8228,                0.70541,                  1.082,                0.58929,                0.64884,                0.63735,                0.44655,                0.74554,                0.54303,                0.64879,                0.39152,                0.85048,                 1.6569,                0.84073,                 1.0989,             0.00059432,             0.00059432,             0.00059432
                    121,                0.87871,                 1.7825,                 0.6966,                 1.0569,                0.70763,                0.65877,                0.64816,                0.46559,                0.82413,                0.55838,                 0.6438,                0.39029,                 0.8484,                 1.6672,                0.83891,                 1.0977,             0.00058725,             0.00058725,             0.00058725
                    122,                0.89326,                 1.7998,                0.68428,                 1.0891,                  0.688,                0.62346,                0.67466,                0.50685,                 0.6967,                0.63073,                0.68285,                0.42586,                0.85666,                  1.685,                0.82478,                    1.1,             0.00058017,             0.00058017,             0.00058017
                    123,                 0.8859,                 1.7925,                0.67597,                 1.0679,                0.66927,                 0.5746,                0.63131,                0.46261,                0.64794,                0.55871,                0.61505,                0.38407,                 0.8558,                 1.6941,                0.84912,                 1.0938,              0.0005731,              0.0005731,              0.0005731
                    124,                0.87235,                  1.804,                0.68787,                 1.0726,                0.80338,                 0.5981,                  0.687,                0.52053,                0.81498,                0.60771,                0.69907,                 0.4261,                0.88036,                 1.7032,                0.84503,                 1.1131,             0.00056603,             0.00056603,             0.00056603
                    125,                0.87931,                 1.8446,                0.69706,                 1.0815,                0.76723,                0.57534,                0.66927,                0.49852,                0.75632,                0.56927,                0.64154,                0.41654,                0.86049,                 1.7071,                0.86034,                 1.1108,             0.00055895,             0.00055895,             0.00055895
                    126,                0.88005,                 1.8062,                0.67512,                 1.0738,                0.55542,                0.60266,                0.45972,                0.32722,                0.54208,                0.59938,                0.44174,                0.26247,                0.86767,                 3.9086,                 4.1459,                 1.1495,             0.00055188,             0.00055188,             0.00055188
                    127,                0.85985,                 1.7714,                0.66561,                 1.0647,                 0.8186,                0.59142,                0.70979,                0.52533,                0.82983,                0.59975,                0.71023,                0.44023,                0.88261,                 1.7447,                0.85528,                 1.1298,             0.00054481,             0.00054481,             0.00054481
                    128,                0.88858,                 1.7968,                0.67277,                 1.0726,                0.68831,                0.51243,                0.45171,                0.33845,                0.69178,                0.51884,                 0.4557,                0.28611,                0.89904,                 5.5393,                 6.1797,                 1.1771,             0.00053773,             0.00053773,             0.00053773
                    129,                0.88865,                 1.8214,                0.68856,                 1.0759,                0.69786,                0.62047,                0.66678,                0.49463,                0.70497,                0.62795,                0.67741,                0.42225,                0.84432,                 1.7011,                 0.8379,                  1.112,             0.00053066,             0.00053066,             0.00053066
                    130,                0.87059,                 1.8153,                0.67133,                 1.0735,                0.66326,                0.54235,                0.66139,                0.49434,                0.67228,                0.54844,                0.66941,                0.42265,                0.84181,                  1.673,                0.84997,                 1.0951,             0.00052359,             0.00052359,             0.00052359
                    131,                0.90732,                 1.8529,                0.69628,                 1.0989,                0.57892,                0.64229,                0.63925,                0.48011,                0.56835,                0.63484,                0.63107,                0.41988,                0.84724,                 1.6696,                0.85981,                 1.0899,             0.00051651,             0.00051651,             0.00051651
                    132,                0.83945,                 1.7166,                0.63426,                 1.0569,                0.61746,                0.57767,                 0.6337,                0.47969,                0.68825,                0.52683,                0.62657,                 0.4099,                 0.8705,                 1.7237,                0.87103,                 1.1183,             0.00050944,             0.00050944,             0.00050944
                    133,                0.85251,                 1.7862,                  0.642,                 1.0633,                0.56734,                0.51513,                0.55871,                0.42498,                0.57146,                0.52008,                0.56421,                0.37566,                0.89042,                 2.2397,                0.96664,                 1.1342,             0.00050236,             0.00050236,             0.00050236
                    134,                0.88304,                 1.7416,                0.64895,                  1.065,                0.63547,                0.65581,                0.63286,                0.46268,                0.63947,                0.66008,                0.63876,                0.41282,                0.88699,                 1.7292,                0.84352,                 1.1135,             0.00049529,             0.00049529,             0.00049529
                    135,                0.84559,                 1.7245,                0.66172,                 1.0544,                0.71596,                0.61131,                0.66288,                0.47189,                0.72435,                0.61878,                0.67055,                0.43337,                0.86378,                 1.7442,                0.83078,                 1.1101,             0.00048822,             0.00048822,             0.00048822
                    136,                0.86655,                  1.754,                0.64126,                  1.058,                0.68737,                0.49903,                0.60416,                0.45374,                0.69589,                0.50758,                0.61341,                0.37324,                0.85957,                 1.7266,                0.86125,                 1.0943,             0.00048114,             0.00048114,             0.00048114
                    137,                0.82013,                 1.6887,                0.65904,                 1.0608,                0.74836,                0.51525,                0.63038,                0.47046,                0.74645,                0.52558,                0.63728,                0.40087,                0.85519,                 1.7071,                0.86027,                 1.1039,             0.00047407,             0.00047407,             0.00047407
                    138,                0.83135,                 1.6986,                0.64877,                 1.0584,                 0.6871,                0.55461,                0.60601,                0.44629,                0.69742,                0.56422,                0.61437,                0.37953,                 0.8767,                 1.7456,                0.85757,                  1.114,               0.000467,               0.000467,               0.000467
                    139,                0.85215,                 1.7162,                0.64942,                 1.0679,                0.61525,                0.59685,                0.60722,                0.44689,                0.70223,                0.56906,                0.62692,                0.39177,                 0.8537,                 1.7693,                0.83456,                 1.1026,             0.00045992,             0.00045992,             0.00045992
                    140,                0.83737,                 1.7355,                0.64707,                 1.0619,                0.73403,                0.45309,                0.54657,                0.42359,                0.74452,                0.46164,                0.55776,                0.36323,                0.88331,                 1.9055,                0.94012,                 1.1191,             0.00045285,             0.00045285,             0.00045285
                    141,                0.83844,                 1.7333,                 0.6456,                 1.0604,                0.72523,                0.53921,                0.61352,                0.46674,                0.73469,                0.52157,                0.61824,                 0.3881,                0.84659,                 1.7065,                0.84563,                 1.1135,             0.00044578,             0.00044578,             0.00044578
                    142,                0.82946,                 1.7172,                0.60966,                 1.0334,                0.58858,                0.63889,                0.57905,                0.42561,                0.57828,                  0.669,                 0.5712,                0.33311,                0.88471,                 1.7771,                0.84634,                 1.1249,              0.0004387,              0.0004387,              0.0004387
                    143,                0.83942,                  1.704,                0.64455,                 1.0643,                0.56353,                0.64762,                0.60361,                0.44664,                0.57028,                0.65595,                0.61308,                0.37059,                0.86778,                 1.7202,                0.85162,                 1.1068,             0.00043163,             0.00043163,             0.00043163
                    144,                0.84916,                  1.752,                0.62737,                 1.0595,                0.73179,                0.62356,                0.65383,                0.49048,                0.73904,                0.63118,                0.66385,                0.40727,                0.86276,                 1.7645,                0.84246,                 1.1131,             0.00042456,             0.00042456,             0.00042456
                    145,                0.83012,                 1.7202,                0.64513,                 1.0562,                0.65536,                0.69478,                0.64404,                0.48759,                0.65841,                0.69818,                0.64506,                0.38822,                0.85028,                 1.7526,                0.83653,                 1.1163,             0.00041748,             0.00041748,             0.00041748
                    146,                0.87437,                 1.7606,                0.64411,                 1.0549,                0.71433,                0.58596,                0.65184,                0.49336,                0.66679,                0.61596,                0.65497,                0.40887,                0.89052,                 1.7473,                0.85481,                 1.1372,             0.00041041,             0.00041041,             0.00041041
                    147,                0.82671,                  1.708,                0.62453,                 1.0444,                 0.7357,                0.58802,                0.69375,                0.53376,                0.75478,                0.59272,                0.70663,                0.43654,                0.86097,                  1.719,                0.81968,                 1.1084,             0.00040334,             0.00040334,             0.00040334
                    148,                0.82575,                 1.6821,                0.61068,                 1.0475,                0.78526,                0.59352,                0.70061,                0.54126,                0.79357,                0.60038,                0.70992,                0.45529,                0.82903,                 1.7356,                0.81492,                 1.1082,             0.00039626,             0.00039626,             0.00039626
                    149,                0.83029,                 1.6878,                 0.6324,                 1.0437,                0.69883,                0.59275,                0.66241,                0.50925,                0.73206,                0.58028,                  0.665,                0.42128,                0.89852,                 1.8284,                0.86377,                 1.1535,             0.00038919,             0.00038919,             0.00038919
                    150,                0.80083,                 1.6652,                0.61216,                 1.0224,                0.68814,                0.72873,                0.69558,                0.52709,                0.69455,                0.73389,                0.70355,                 0.4492,                0.85709,                 1.7276,                 0.8009,                 1.1219,             0.00038211,             0.00038211,             0.00038211
                    151,                0.82319,                 1.6638,                0.61694,                 1.0416,                0.72351,                0.61527,                0.69423,                0.53699,                0.71304,                0.62413,                0.70037,                0.46377,                0.85203,                 1.6961,                0.82902,                 1.1234,             0.00037504,             0.00037504,             0.00037504
                    152,                 0.8248,                 1.6506,                 0.6036,                 1.0354,                0.63425,                0.62626,                0.62851,                0.46296,                0.64368,                0.63374,                0.64302,                0.40911,                0.86198,                 1.6698,                0.89543,                 1.1328,             0.00036797,             0.00036797,             0.00036797
                    153,                0.81081,                 1.6859,                0.61481,                 1.0322,                0.75339,                0.62824,                0.66263,                0.50244,                0.76549,                0.63676,                0.67579,                0.43287,                0.84645,                  1.678,                0.82684,                 1.1138,             0.00036089,             0.00036089,             0.00036089
                    154,                0.80563,                 1.6585,                 0.6124,                 1.0485,                0.60097,                0.62519,                0.59604,                0.45271,                0.60409,                0.62964,                0.60124,                0.38174,                0.83167,                 1.6908,                 1.4666,                 1.1062,             0.00035382,             0.00035382,             0.00035382
                    155,                0.79832,                 1.6746,                0.60379,                 1.0301,                 0.6493,                0.62481,                 0.6422,                0.49548,                0.63841,                0.61846,                0.64906,                0.41147,                0.85365,                 1.7211,                0.83964,                 1.1159,             0.00034675,             0.00034675,             0.00034675
                    156,                0.79515,                 1.6132,                0.58266,                 1.0358,                0.75475,                0.57974,                0.65473,                0.49741,                0.76152,                0.58722,                0.66892,                0.42687,                0.84069,                 1.7174,                0.84877,                 1.1018,             0.00033967,             0.00033967,             0.00033967
                    157,                0.77097,                 1.6267,                 0.5834,                 1.0214,                0.78549,                0.58935,                0.66257,                0.51093,                0.79853,                0.59491,                0.67496,                0.43975,                0.84509,                 1.7056,                0.87379,                 1.0983,              0.0003326,              0.0003326,              0.0003326
                    158,                0.78201,                 1.5942,                0.58917,                 1.0273,                0.81692,                0.60902,                0.71284,                0.54954,                0.82199,                0.61579,                0.71534,                0.46608,                0.83032,                 1.7096,                0.84801,                 1.1134,             0.00032553,             0.00032553,             0.00032553
                    159,                 0.7975,                 1.6354,                0.60553,                  1.023,                0.81183,                0.64551,                0.71692,                0.53799,                0.81878,                0.65192,                0.73186,                0.46464,                0.83686,                 1.7231,                0.82295,                 1.1091,             0.00031845,             0.00031845,             0.00031845
                    160,                0.78684,                 1.5631,                0.69649,                 1.0185,                  0.754,                0.66236,                0.70539,                0.53823,                0.76077,                0.66824,                0.71332,                0.45023,                0.86274,                 1.7353,                0.84843,                 1.1217,             0.00031138,             0.00031138,             0.00031138
                    161,                0.79469,                 1.6173,                0.57581,                 1.0308,                0.60377,                0.65637,                 0.5441,                0.40812,                0.60692,                0.66171,                0.54168,                0.33099,                0.89636,                 1.8795,                 1.3318,                 1.1539,             0.00030431,             0.00030431,             0.00030431
                    162,                0.80228,                   1.64,                0.58422,                 1.0346,                0.84275,                0.61569,                0.71183,                0.55215,                0.84902,                0.62432,                0.71266,                0.45939,                0.84865,                 1.6795,                0.82071,                 1.1146,             0.00029723,             0.00029723,             0.00029723
                    163,                0.78483,                 1.6249,                0.59823,                 1.0348,                0.72315,                0.63156,                 0.7052,                0.54057,                0.67278,                0.67041,                 0.7115,                0.45054,                0.84769,                 1.7534,                0.80823,                  1.111,             0.00029016,             0.00029016,             0.00029016
                    164,                0.82171,                 1.6906,                 0.6131,                 1.0442,                0.75473,                0.58333,                0.67296,                0.52143,                0.76302,                0.59147,                0.68426,                0.43683,                0.85382,                 1.7359,                0.81986,                 1.1156,             0.00028308,             0.00028308,             0.00028308
                    165,                0.76256,                 1.6014,                0.58615,                 1.0258,                0.55067,                0.65685,                0.50846,                0.38928,                0.55431,                0.66548,                0.51299,                0.33314,                0.89279,                 4.3108,                 7.0632,                 1.1808,             0.00027601,             0.00027601,             0.00027601
                    166,                0.78925,                 1.6443,                0.58995,                 1.0348,                0.55626,                0.64208,                0.51692,                 0.3805,                 0.5609,                0.65053,                0.52067,                0.31995,                0.85924,                 2.1496,                 1.8837,                 1.1161,             0.00026894,             0.00026894,             0.00026894
                    167,                0.78228,                 1.6611,                0.58674,                 1.0298,                0.73288,                0.57596,                0.66027,                0.50411,                0.75041,                0.58615,                0.66409,                0.42834,                0.83055,                  1.754,                 0.8071,                 1.1059,             0.00026186,             0.00026186,             0.00026186
                    168,                0.75961,                 1.5771,                0.57837,                 1.0185,                0.71865,                0.65222,                0.67372,                0.50139,                0.77437,                0.65778,                0.70473,                0.42997,                0.83441,                 1.8394,                0.81689,                 1.1037,             0.00025479,             0.00025479,             0.00025479
                    169,                0.77364,                 1.6161,                0.56554,                 1.0105,                0.79341,                  0.605,                0.72067,                0.52688,                0.80634,                0.61461,                0.73398,                0.45789,                0.83596,                 1.7462,                0.81359,                 1.0983,             0.00024772,             0.00024772,             0.00024772
                    170,                0.75718,                 1.5857,                0.56235,                 1.0098,                0.50609,                0.57887,                0.45461,                0.33024,                0.51286,                0.59165,                0.45989,                0.27783,                0.87957,                 2.2784,                   2.17,                 1.1485,             0.00024064,             0.00024064,             0.00024064
                    171,                0.77121,                 1.5629,                0.55142,                 1.0149,                0.75427,                0.64481,                0.69385,                0.53123,                0.76538,                0.65443,                0.70411,                0.46447,                0.84118,                 1.7544,                0.82955,                 1.1107,             0.00023357,             0.00023357,             0.00023357
                    172,                 0.7621,                 1.5823,                 0.5698,                 1.0055,                0.76221,                0.67492,                0.68421,                 0.5348,                0.77105,                0.68347,                0.69285,                0.45656,                0.83979,                 1.7874,                0.82673,                 1.1066,              0.0002265,              0.0002265,              0.0002265
                    173,                0.75984,                 1.5509,                0.55708,                 1.0096,                0.75802,                0.59421,                0.66442,                0.52336,                0.75112,                0.60169,                0.67088,                0.44384,                0.82748,                 1.7554,                0.83861,                 1.0932,             0.00021942,             0.00021942,             0.00021942
                    174,                0.76019,                 1.5841,                0.55887,                 1.0175,                0.72998,                0.64981,                0.70657,                0.54257,                0.73869,                0.65836,                  0.718,                0.46369,                0.83349,                  1.719,                 0.8089,                 1.1016,             0.00021235,             0.00021235,             0.00021235
                    175,                0.71873,                 1.5104,                0.53603,                 1.0006,                0.77146,                0.62642,                0.69258,                0.53752,                0.78377,                0.63817,                0.70719,                 0.4551,                 0.8197,                 1.7504,                0.80859,                 1.0896,             0.00020528,             0.00020528,             0.00020528
                    176,                0.75407,                 1.5557,                 0.5493,                 1.0037,                0.80351,                0.60571,                0.67934,                 0.5167,                0.81483,                0.61612,                0.69189,                0.44211,                 0.8428,                 1.7377,                0.82891,                 1.1124,              0.0001982,              0.0001982,              0.0001982
                    177,                0.72958,                 1.5252,                0.53912,                0.99331,                0.82333,                0.60047,                0.69411,                0.51003,                  0.806,                0.58112,                0.69843,                0.44128,                0.85227,                 1.7437,                0.84237,                 1.1115,             0.00019113,             0.00019113,             0.00019113
                    178,                0.74319,                 1.5439,                0.55791,                 1.0154,                0.86603,                0.59789,                0.70778,                 0.5268,                0.87851,                0.60702,                0.71963,                 0.4739,                0.82974,                 1.7317,                0.83984,                 1.1051,             0.00018406,             0.00018406,             0.00018406
                    179,                0.74719,                 1.5848,                0.55048,                 1.0259,                0.79922,                0.56955,                0.68569,                0.51825,                0.80779,                0.57821,                0.69963,                0.45123,                0.82578,                 1.7194,                0.82949,                 1.1057,             0.00017698,             0.00017698,             0.00017698
                    180,                 0.7234,                 1.5458,                0.52842,                 1.0002,                0.73469,                0.60982,                0.67211,                0.50985,                0.76998,                0.63324,                0.71592,                0.44012,                0.82778,                 1.7439,                0.82158,                 1.1096,             0.00016991,             0.00016991,             0.00016991
                    181,                0.72029,                 1.5315,                0.54833,                0.98639,                0.72899,                0.63267,                0.68816,                0.50849,                0.73975,                0.64229,                0.69885,                0.44206,                0.84278,                 1.7189,                0.83634,                  1.116,             0.00016283,             0.00016283,             0.00016283
                    182,                0.72556,                 1.4994,                0.52796,                0.99663,                 0.7201,                0.64106,                0.69837,                0.53633,                0.72864,                0.64854,                0.70826,                0.45599,                0.83672,                 1.7103,                0.81701,                 1.1084,             0.00015576,             0.00015576,             0.00015576
                    183,                0.73072,                 1.5408,                0.53951,                 0.9953,                0.50437,                0.39384,                0.41027,                0.31462,                0.50157,                0.38296,                0.40805,                0.24483,                0.94247,                 2.1203,                 1.2128,                 1.1762,             0.00014869,             0.00014869,             0.00014869
                    184,                0.71123,                 1.4855,                0.54224,                0.99402,                0.74452,                0.66171,                0.72072,                0.55737,                0.75589,                 0.6724,                0.73328,                 0.4721,                0.82555,                 1.7079,                0.80268,                 1.1013,             0.00014161,             0.00014161,             0.00014161
                    185,                0.70375,                 1.5041,                0.51499,                0.99109,                0.75486,                0.66013,                0.72178,                0.54231,                0.76608,                0.67081,                 0.7339,                0.46559,                 0.8207,                  1.764,                0.79321,                 1.1032,             0.00013454,             0.00013454,             0.00013454
                    186,                0.72835,                 1.5414,                0.52992,                0.99727,                0.63262,                  0.672,                0.70242,                0.53568,                0.62402,                0.69363,                0.71159,                0.46417,                0.83669,                   1.73,                0.82861,                 1.1076,             0.00012747,             0.00012747,             0.00012747
                    187,                0.75333,                 1.5321,                0.54629,                0.99925,                0.77445,                0.54545,                0.67693,                0.52739,                 0.8068,                0.56716,                0.70891,                0.44743,                0.83154,                 1.6996,                0.82598,                 1.1166,             0.00012039,             0.00012039,             0.00012039
                    188,                 0.7248,                 1.4996,                0.57862,                 1.0072,                0.66214,                0.62374,                0.63334,                0.49346,                 0.6993,                 0.6472,                0.66823,                0.43017,                0.85699,                 1.8226,                0.89453,                 1.1454,             0.00011332,             0.00011332,             0.00011332
                    189,                0.72229,                 1.4986,                0.50782,                0.98666,                0.64875,                 0.5135,                0.50209,                0.38733,                0.65107,                0.51777,                0.50593,                0.33395,                0.89898,                 2.0159,                 1.8017,                 1.1825,             0.00010625,             0.00010625,             0.00010625
                    190,                0.71027,                 1.4847,                0.52684,                0.98595,                 0.6118,                0.58565,                0.52818,                0.39524,                0.61682,                0.59312,                0.53573,                0.33937,                0.83554,                 1.9903,                0.98999,                 1.1241,             9.9173e-05,             9.9173e-05,             9.9173e-05
                    191,                0.72366,                 1.4805,                0.54759,                 1.0035,                0.78881,                0.60188,                0.70476,                0.52627,                0.76304,                0.58372,                0.68908,                 0.4419,                0.81701,                 1.7417,                0.80291,                 1.1198,             9.2099e-05,             9.2099e-05,             9.2099e-05
                    192,                0.72413,                 1.4673,                0.54925,                 1.0037,                0.64315,                0.61063,                0.66922,                0.52266,                0.58537,                0.66661,                0.66125,                0.43606,                0.83057,                 1.7446,                0.87842,                 1.1319,             8.5026e-05,             8.5026e-05,             8.5026e-05
                    193,                0.71669,                 1.4667,                0.52194,                0.99692,                0.68361,                0.61039,                0.67728,                0.52688,                0.65293,                 0.6413,                 0.6761,                0.44089,                0.83088,                 1.7539,                0.83608,                 1.1378,             7.7952e-05,             7.7952e-05,             7.7952e-05
                    194,                0.71301,                 1.4604,                0.52708,                0.98391,                0.68233,                 0.5874,                0.67423,                0.52315,                0.59314,                0.66958,                0.67186,                0.43746,                0.82285,                 1.7358,                0.83067,                 1.1169,             7.0878e-05,             7.0878e-05,             7.0878e-05
                    195,                0.67634,                 1.4095,                 0.4995,                0.97436,                0.70692,                0.58948,                0.64554,                0.48485,                0.71822,                 0.5991,                0.65857,                0.41576,                0.84846,                 1.7907,                0.85051,                 1.1313,             6.3805e-05,             6.3805e-05,             6.3805e-05
                    196,                0.68962,                 1.4322,                0.49002,                0.96591,                0.74393,                0.60318,                0.67787,                0.52502,                0.72221,                0.58619,                0.67335,                  0.427,                0.80999,                 1.7616,                0.80504,                  1.097,             5.6731e-05,             5.6731e-05,             5.6731e-05
                    197,                0.68316,                 1.4192,                0.50217,                0.97989,                0.72756,                0.59884,                0.61263,                0.46895,                0.73354,                0.57925,                0.61457,                0.37959,                0.83663,                 1.8191,                 1.2349,                 1.1567,             4.9658e-05,             4.9658e-05,             4.9658e-05
                    198,                0.70336,                 1.4011,                0.50942,                0.98622,                0.69314,                0.55667,                0.61022,                 0.4693,                0.70162,                 0.5622,                0.62127,                 0.3967,                    nan,                    nan,                    nan,                    nan,             4.2584e-05,             4.2584e-05,             4.2584e-05
                    199,                0.68454,                 1.3824,                0.49959,                0.96647,                0.78125,                0.56892,                0.64466,                0.49979,                0.78749,                0.57669,                0.65614,                0.41972,                0.81827,                 1.7383,                0.81756,                 1.1081,             3.5511e-05,             3.5511e-05,             3.5511e-05
                    200,                0.66936,                 1.3919,                0.49515,                0.97011,                0.62193,                  0.635,                0.64742,                0.50298,                0.64575,                0.65763,                0.68228,                0.42698,                0.81873,                 1.7409,                0.81661,                 1.1052,             2.8437e-05,             2.8437e-05,             2.8437e-05
